{"cameraMode":{"drawMode":0,"name":"Shaded","section":"Shading Mode"},"sceneLighting":true,"audioPlay":false,"sceneViewState":{"showFog":true,"showMaterialUpdate":false,"showSkybox":true,"showFlares":true,"showImageEffects":true,"showParticleSystems":true},"in2DMode":false,"pivot":{"x":3.4749743938446047,"y":-10.920595169067383,"z":-6.801982879638672},"rotation":{"x":0.04946174472570419,"y":0.026963649317622186,"z":-0.0013357914285734296,"w":0.9984108805656433},"size":1.1314988136291505,"orthographic":false}